"ss_presented","inhibited","SSD","rt"
0,-999,-999,496.059828184555
0,-999,-999,536.833034440303
0,-999,-999,459.605906477378
0,-999,-999,499.064641660276
0,-999,-999,507.125622058029
0,-999,-999,491.877269754702
0,-999,-999,486.600492034185
0,-999,-999,484.430967996666
0,-999,-999,445.261637036994
0,-999,-999,557.757085415046
0,-999,-999,497.628169525707
0,-999,-999,596.420750718072
0,-999,-999,431.820979759745
0,-999,-999,505.949452354795
0,-999,-999,469.402254069277
0,-999,-999,489.466892003099
0,-999,-999,518.653632676389
0,-999,-999,504.12446974784
0,-999,-999,631.247213326702
0,-999,-999,512.325589046881
0,-999,-999,551.591911548109
0,-999,-999,436.034508656639
0,-999,-999,517.678091994578
0,-999,-999,459.249566393618
0,-999,-999,554.753185060578
0,-999,-999,472.900013964817
0,-999,-999,579.628502508923
0,-999,-999,595.898820831821
0,-999,-999,574.656550149883
0,-999,-999,697.279606061279
0,-999,-999,505.71182630182
0,-999,-999,689.267848403137
0,-999,-999,466.998752776561
0,-999,-999,665.636532426701
0,-999,-999,543.538277792072
0,-999,-999,515.473329488945
0,-999,-999,571.520004114247
0,-999,-999,509.050153409314
0,-999,-999,771.414904909295
0,-999,-999,663.445982549539
0,-999,-999,516.040463301887
0,-999,-999,713.473836778978
0,-999,-999,630.471084229869
0,-999,-999,659.124532001945
0,-999,-999,569.300059115858
0,-999,-999,467.676842354865
0,-999,-999,484.210777419501
0,-999,-999,470.515654314637
0,-999,-999,548.974851251359
0,-999,-999,579.788139260568
0,-999,-999,437.233707676109
0,-999,-999,542.523330291648
0,-999,-999,845.885456201554
0,-999,-999,494.226717133098
0,-999,-999,703.595868326664
0,-999,-999,475.235801698931
0,-999,-999,574.065692261338
0,-999,-999,474.865149371947
0,-999,-999,482.104788914618
0,-999,-999,629.181251223331
0,-999,-999,546.127006780412
0,-999,-999,497.327908216951
0,-999,-999,554.869320456785
0,-999,-999,477.73305241058
0,-999,-999,476.571773531654
0,-999,-999,571.07382530109
0,-999,-999,515.999917458086
0,-999,-999,536.332774489098
0,-999,-999,535.129813093434
0,-999,-999,498.308267918459
0,-999,-999,536.715683018843
0,-999,-999,496.884835348276
0,-999,-999,600.892562757104
0,-999,-999,481.036572307051
0,-999,-999,545.664720054039
0,-999,-999,536.337566535709
0,-999,-999,522.602992593878
0,-999,-999,543.578867646585
0,-999,-999,475.40231600291
0,-999,-999,451.367663067258
0,-999,-999,575.22045470433
0,-999,-999,598.406540998883
0,-999,-999,548.660771463655
0,-999,-999,468.666903620385
0,-999,-999,552.731316343445
0,-999,-999,550.062635522006
0,-999,-999,454.068057114198
0,-999,-999,697.388212030177
0,-999,-999,566.619021874286
0,-999,-999,558.887347089566
0,-999,-999,481.123304330081
0,-999,-999,497.227510045892
0,-999,-999,495.271386822014
0,-999,-999,587.835080825524
0,-999,-999,522.791007363176
0,-999,-999,568.273369862664
0,-999,-999,502.795849690391
0,-999,-999,518.553857690556
0,-999,-999,613.930851560882
0,-999,-999,550.079709023828
0,-999,-999,486.162212850818
0,-999,-999,521.109020740906
0,-999,-999,615.211117888213
0,-999,-999,517.36952867202
0,-999,-999,540.172407569798
0,-999,-999,508.782768968124
0,-999,-999,576.03401361363
0,-999,-999,514.108147457581
0,-999,-999,599.485131273103
0,-999,-999,476.650154786996
0,-999,-999,582.071121541747
0,-999,-999,647.015501129779
0,-999,-999,511.926499739428
0,-999,-999,510.027418615089
0,-999,-999,522.317479252905
0,-999,-999,564.6603615095
0,-999,-999,491.312411008808
0,-999,-999,498.945635917794
0,-999,-999,594.574512022634
0,-999,-999,534.457630260168
0,-999,-999,488.353449952717
0,-999,-999,524.894913357897
0,-999,-999,489.905800864669
0,-999,-999,737.344837662773
0,-999,-999,498.087299314014
0,-999,-999,478.25619353787
0,-999,-999,471.900272505764
0,-999,-999,537.545812792283
0,-999,-999,546.372505724551
0,-999,-999,627.843919759798
0,-999,-999,588.747093146516
0,-999,-999,517.66847562644
0,-999,-999,461.754166844126
0,-999,-999,539.949292390228
0,-999,-999,541.409910955268
0,-999,-999,560.62321605435
0,-999,-999,473.032470839216
0,-999,-999,530.159393884521
0,-999,-999,528.152391479862
0,-999,-999,538.194862221003
0,-999,-999,531.779289241046
0,-999,-999,518.720518774961
0,-999,-999,635.550012120306
0,-999,-999,737.156411730124
0,-999,-999,460.27813247786
0,-999,-999,689.066609708485
0,-999,-999,470.171048841354
0,-999,-999,584.739677277401
0,-999,-999,527.813021215503
0,-999,-999,508.640545289714
0,-999,-999,533.193669366565
0,-999,-999,835.771718658855
0,-999,-999,588.776980166663
0,-999,-999,485.304578630739
0,-999,-999,536.272482792454
0,-999,-999,529.576209841787
0,-999,-999,600.002193349111
0,-999,-999,571.214505955336
0,-999,-999,570.084232858079
0,-999,-999,502.281494969663
0,-999,-999,548.759338171177
0,-999,-999,505.046043044509
0,-999,-999,537.755332853295
0,-999,-999,545.266035332458
0,-999,-999,592.658380138204
0,-999,-999,594.893876896053
0,-999,-999,601.490175435865
0,-999,-999,673.926472975752
0,-999,-999,619.403439535498
0,-999,-999,599.359182352741
0,-999,-999,567.148632838683
0,-999,-999,495.819235212228
0,-999,-999,507.106366089491
0,-999,-999,553.445804360448
0,-999,-999,489.033193048006
0,-999,-999,610.947827211775
0,-999,-999,509.731891700601
0,-999,-999,538.047258626063
0,-999,-999,474.650507583716
0,-999,-999,548.582543833464
0,-999,-999,877.481603119233
0,-999,-999,652.209701742635
0,-999,-999,620.696031144006
0,-999,-999,568.97356226694
0,-999,-999,484.640590662458
0,-999,-999,501.408535714791
0,-999,-999,514.859723642651
0,-999,-999,529.737423841454
0,-999,-999,597.379820749375
0,-999,-999,655.180538861099
0,-999,-999,514.080794262492
0,-999,-999,702.560082716026
0,-999,-999,501.687612712358
0,-999,-999,598.571678912751
0,-999,-999,745.37815673305
0,-999,-999,561.302902849634
0,-999,-999,534.35995923936
0,-999,-999,478.084809775039
0,-999,-999,510.615703607779
0,-999,-999,603.283776525616
0,-999,-999,437.614819605233
0,-999,-999,589.714710023947
0,-999,-999,529.926332759911
0,-999,-999,582.608230372049
0,-999,-999,565.883589383755
0,-999,-999,491.686223029664
0,-999,-999,536.926334941632
0,-999,-999,490.645736220084
0,-999,-999,509.608480978339
0,-999,-999,533.787656970293
0,-999,-999,819.160384537834
0,-999,-999,512.80418681477
0,-999,-999,474.349136830987
0,-999,-999,556.384600111461
0,-999,-999,513.591142729582
0,-999,-999,579.135934391556
0,-999,-999,732.747142904275
0,-999,-999,482.10255389496
0,-999,-999,456.010010873833
0,-999,-999,575.315657763979
0,-999,-999,630.414288787303
0,-999,-999,581.207398322045
0,-999,-999,504.324275316651
0,-999,-999,846.426332810458
0,-999,-999,471.375334962247
0,-999,-999,503.658811991736
0,-999,-999,561.896290358756
0,-999,-999,571.155396685254
0,-999,-999,644.280713165165
0,-999,-999,540.665927598606
0,-999,-999,517.020436255776
0,-999,-999,511.070926860748
0,-999,-999,497.619861923404
0,-999,-999,562.99571323385
0,-999,-999,632.018538079129
0,-999,-999,562.774776014715
0,-999,-999,524.381875169594
0,-999,-999,534.567888590843
0,-999,-999,477.217449785323
0,-999,-999,529.05458808032
0,-999,-999,552.80249891068
0,-999,-999,480.267750476607
0,-999,-999,555.490453982717
0,-999,-999,631.959571254915
0,-999,-999,522.742029926694
0,-999,-999,535.553684330198
0,-999,-999,570.124883942207
0,-999,-999,516.681487876125
0,-999,-999,574.542157114522
0,-999,-999,499.469381972639
0,-999,-999,530.517390895786
0,-999,-999,497.296214033783
0,-999,-999,501.478324368668
0,-999,-999,819.163444608982
0,-999,-999,534.128489260602
0,-999,-999,503.79455848413
0,-999,-999,525.560959316198
0,-999,-999,503.332144098779
0,-999,-999,566.037873785998
0,-999,-999,510.105307797949
0,-999,-999,528.909891479126
0,-999,-999,615.714932642303
0,-999,-999,522.944119646721
0,-999,-999,478.09325049653
0,-999,-999,469.888661271465
0,-999,-999,525.668937295551
0,-999,-999,503.076773372523
0,-999,-999,591.894680032851
0,-999,-999,502.475026481176
0,-999,-999,493.117130066202
0,-999,-999,646.936724939901
0,-999,-999,634.224191029414
0,-999,-999,688.667298391824
0,-999,-999,473.731330355581
0,-999,-999,585.657207713586
0,-999,-999,496.654762171291
0,-999,-999,530.916233170288
0,-999,-999,475.87749061548
0,-999,-999,462.384255285843
0,-999,-999,632.701662898709
0,-999,-999,522.874458325241
0,-999,-999,496.515750465639
0,-999,-999,480.256056862576
0,-999,-999,614.64509804343
0,-999,-999,500.748341505148
0,-999,-999,598.272363289332
0,-999,-999,559.146069735639
0,-999,-999,439.291714787034
0,-999,-999,461.327163656926
0,-999,-999,650.459320275149
0,-999,-999,516.849524045213
0,-999,-999,568.258487031832
0,-999,-999,551.866311219235
0,-999,-999,467.184809989644
0,-999,-999,622.102291670813
0,-999,-999,488.600539127163
0,-999,-999,518.991877494019
0,-999,-999,545.193330869449
0,-999,-999,476.183244231325
0,-999,-999,526.736167746169
0,-999,-999,619.550409418828
0,-999,-999,517.394075278622
0,-999,-999,491.969972592212
0,-999,-999,535.013227777458
0,-999,-999,501.247825837728
0,-999,-999,485.576195249136
0,-999,-999,553.847330201249
0,-999,-999,470.341358715381
0,-999,-999,542.197776249154
0,-999,-999,563.83629069029
0,-999,-999,522.277130391364
0,-999,-999,621.006459967311
0,-999,-999,482.390860890732
0,-999,-999,477.936588126546
0,-999,-999,577.296205885659
0,-999,-999,547.639024441988
0,-999,-999,496.668557948673
0,-999,-999,673.714979809523
0,-999,-999,630.002069443088
0,-999,-999,549.064063095655
0,-999,-999,477.92517807754
0,-999,-999,486.367527245446
0,-999,-999,679.566842092545
0,-999,-999,476.762302279145
0,-999,-999,552.733252460839
0,-999,-999,788.326314300286
0,-999,-999,547.452867119963
0,-999,-999,495.162576877471
0,-999,-999,456.517146961601
0,-999,-999,632.275579405708
0,-999,-999,565.867725119378
0,-999,-999,540.098872496846
0,-999,-999,574.594299807525
0,-999,-999,667.180475546531
0,-999,-999,447.691746531328
0,-999,-999,631.832035953886
0,-999,-999,526.527641215772
0,-999,-999,542.812690242702
0,-999,-999,515.830355619514
0,-999,-999,509.806524557924
0,-999,-999,554.983280546671
0,-999,-999,472.757671314639
0,-999,-999,618.098083914673
0,-999,-999,597.520934154541
0,-999,-999,473.62430210098
0,-999,-999,468.060329767922
0,-999,-999,500.175367446731
0,-999,-999,436.658035749638
0,-999,-999,504.864916824532
0,-999,-999,515.165421389212
0,-999,-999,729.002489321264
0,-999,-999,570.056376829818
0,-999,-999,550.940729790903
0,-999,-999,444.552089777841
0,-999,-999,525.030667152291
0,-999,-999,542.875270699743
0,-999,-999,462.131906186492
0,-999,-999,728.461813012427
0,-999,-999,764.78759746873
0,-999,-999,561.006861327314
0,-999,-999,505.191881392933
0,-999,-999,446.161072343865
0,-999,-999,606.550129602574
0,-999,-999,554.019025675909
0,-999,-999,466.565073064732
0,-999,-999,471.856083599653
0,-999,-999,598.115115928796
0,-999,-999,517.731950487165
0,-999,-999,520.663139030478
0,-999,-999,509.591342261502
0,-999,-999,537.740775197452
0,-999,-999,731.233454128727
0,-999,-999,475.93470920702
0,-999,-999,528.04046770986
0,-999,-999,606.674361908666
0,-999,-999,571.245734231053
0,-999,-999,469.663676169061
0,-999,-999,594.386702912564
0,-999,-999,628.049166653041
0,-999,-999,534.187344282428
0,-999,-999,557.538030174608
0,-999,-999,584.030155395267
0,-999,-999,562.244021019582
0,-999,-999,605.572532966018
0,-999,-999,550.968931197017
0,-999,-999,550.250984622322
0,-999,-999,528.955977380669
0,-999,-999,481.159595816486
0,-999,-999,539.6993616189
0,-999,-999,442.617903882796
0,-999,-999,634.792357602209
0,-999,-999,599.45461463879
0,-999,-999,494.821392687173
0,-999,-999,679.250950384853
0,-999,-999,463.747161651536
0,-999,-999,648.632312845025
0,-999,-999,443.402302535078
0,-999,-999,485.921885389907
0,-999,-999,620.549119568408
0,-999,-999,505.917854660066
0,-999,-999,534.566682803882
0,-999,-999,524.055036277394
0,-999,-999,838.922801911881
0,-999,-999,714.025677530425
0,-999,-999,494.079499048088
0,-999,-999,459.660763108785
0,-999,-999,586.847868605452
0,-999,-999,558.192226454663
0,-999,-999,515.216963008005
0,-999,-999,646.752836576952
0,-999,-999,511.746914362871
0,-999,-999,712.379296088133
0,-999,-999,482.611079106842
0,-999,-999,503.645145939284
0,-999,-999,597.621360594956
0,-999,-999,491.135293414315
0,-999,-999,479.473076260128
0,-999,-999,546.1817162928
0,-999,-999,492.236929074998
0,-999,-999,506.772993640543
0,-999,-999,604.81626208389
0,-999,-999,517.647348602642
0,-999,-999,499.494210366861
0,-999,-999,476.018457200895
0,-999,-999,638.577755837583
0,-999,-999,572.977365695342
0,-999,-999,445.102600509065
0,-999,-999,516.77371473988
0,-999,-999,491.740868888456
0,-999,-999,538.841226535877
0,-999,-999,575.95959565222
0,-999,-999,524.60470801344
0,-999,-999,494.901540115827
0,-999,-999,561.256948037122
0,-999,-999,647.88091988226
0,-999,-999,500.254790061726
0,-999,-999,473.643139528628
0,-999,-999,498.162771930884
0,-999,-999,553.043762646001
0,-999,-999,506.836374001029
0,-999,-999,488.511704982988
0,-999,-999,500.977141271244
0,-999,-999,492.303286704965
0,-999,-999,558.880821392615
0,-999,-999,757.080534715714
0,-999,-999,490.090694854721
0,-999,-999,640.165724473004
0,-999,-999,672.909336427637
0,-999,-999,469.600375806519
0,-999,-999,461.25573073852
0,-999,-999,555.927439654245
0,-999,-999,501.643107458954
0,-999,-999,622.557392032381
0,-999,-999,819.926200839525
0,-999,-999,561.449450856601
0,-999,-999,510.298357268426
0,-999,-999,445.81891359223
0,-999,-999,660.140713905616
0,-999,-999,639.069775204928
0,-999,-999,580.611232246251
0,-999,-999,439.243139241336
0,-999,-999,505.580232926413
0,-999,-999,541.387515670126
0,-999,-999,548.460131348385
0,-999,-999,561.412638503444
0,-999,-999,483.866102177009
0,-999,-999,523.377122170599
0,-999,-999,507.058329988201
0,-999,-999,497.807527797011
0,-999,-999,584.575361543365
0,-999,-999,672.107629689473
0,-999,-999,455.685804304027
0,-999,-999,532.345222630749
0,-999,-999,627.590584431546
0,-999,-999,456.009051096602
0,-999,-999,719.132852141661
0,-999,-999,486.165667522723
0,-999,-999,553.651861507082
0,-999,-999,519.796609105422
0,-999,-999,651.683890662692
0,-999,-999,526.69909144665
0,-999,-999,564.048984777466
0,-999,-999,538.606196882167
0,-999,-999,482.185974105698
0,-999,-999,534.686457598207
0,-999,-999,634.480560658351
0,-999,-999,588.010720098577
0,-999,-999,660.384414748195
0,-999,-999,496.299666211137
0,-999,-999,736.647940306724
0,-999,-999,478.940929333664
0,-999,-999,536.137246848839
0,-999,-999,630.840486107257
0,-999,-999,723.745380446187
0,-999,-999,483.594948220629
0,-999,-999,601.918140598492
0,-999,-999,620.361360718287
0,-999,-999,582.970802597192
0,-999,-999,502.282085723572
0,-999,-999,592.955696342432
0,-999,-999,442.927729580298
0,-999,-999,493.923733138884
0,-999,-999,515.330233202053
0,-999,-999,610.947293455161
0,-999,-999,638.797682312366
0,-999,-999,560.165228703531
0,-999,-999,520.479771746206
0,-999,-999,471.530709977677
0,-999,-999,598.042733287026
0,-999,-999,559.237388789928
0,-999,-999,627.22901774772
0,-999,-999,476.758009868024
0,-999,-999,541.383507092966
0,-999,-999,532.322775937502
0,-999,-999,543.512091065203
0,-999,-999,616.07512815323
0,-999,-999,603.201882972497
0,-999,-999,436.728021842816
0,-999,-999,527.117926651948
0,-999,-999,550.99093343139
0,-999,-999,498.194982504603
0,-999,-999,495.034127462522
0,-999,-999,489.618560840199
0,-999,-999,476.639105139963
0,-999,-999,444.184291435094
0,-999,-999,564.630804398637
0,-999,-999,462.02972884409
0,-999,-999,488.887628924903
0,-999,-999,476.595221002365
0,-999,-999,560.450437664316
0,-999,-999,459.938123262633
0,-999,-999,550.864844164101
0,-999,-999,482.687718360731
0,-999,-999,632.172134000893
0,-999,-999,741.909949846207
0,-999,-999,485.331700698873
0,-999,-999,494.078071889555
0,-999,-999,554.046122417509
0,-999,-999,476.362707945297
0,-999,-999,637.689374740618
0,-999,-999,511.676181174939
0,-999,-999,484.723444623265
0,-999,-999,609.773815165032
0,-999,-999,510.510839760622
0,-999,-999,537.593360834283
0,-999,-999,499.05391068097
0,-999,-999,529.615638205331
0,-999,-999,529.500539475586
0,-999,-999,482.032967159128
0,-999,-999,533.157457275283
0,-999,-999,628.57374496633
0,-999,-999,482.233331157893
0,-999,-999,721.274089587612
0,-999,-999,676.729665774485
0,-999,-999,475.069859581907
0,-999,-999,499.084742103143
0,-999,-999,484.51693148779
0,-999,-999,550.988662637378
0,-999,-999,690.105917705473
0,-999,-999,515.391976414298
0,-999,-999,482.604629153186
0,-999,-999,438.326502781837
0,-999,-999,495.04462205751
0,-999,-999,456.888633284642
0,-999,-999,590.501452177766
0,-999,-999,553.177222336373
0,-999,-999,500.009453346905
0,-999,-999,547.142648788155
0,-999,-999,758.036001248686
0,-999,-999,551.847931412377
0,-999,-999,512.812346961507
0,-999,-999,509.578317352813
0,-999,-999,472.90681628887
0,-999,-999,560.550835465244
0,-999,-999,546.127263978482
0,-999,-999,549.029266638096
0,-999,-999,520.189586150437
0,-999,-999,561.378616330241
0,-999,-999,492.566093717002
0,-999,-999,474.563134581097
0,-999,-999,494.560141153439
0,-999,-999,562.01497653619
0,-999,-999,493.115482847493
0,-999,-999,619.041360780179
0,-999,-999,569.23236498867
0,-999,-999,578.890153624778
0,-999,-999,474.382088833821
0,-999,-999,516.886702256469
0,-999,-999,614.736053394464
0,-999,-999,508.821332981132
0,-999,-999,476.330378431571
0,-999,-999,503.690095958881
0,-999,-999,492.826958530137
0,-999,-999,523.595850591326
0,-999,-999,579.814429005569
0,-999,-999,524.924479280132
0,-999,-999,729.720807736189
0,-999,-999,608.717796353743
0,-999,-999,453.201016937949
0,-999,-999,497.043487138997
0,-999,-999,518.399302330945
0,-999,-999,464.602147867578
0,-999,-999,571.535799334143
0,-999,-999,553.704937795551
0,-999,-999,505.812740067722
0,-999,-999,700.957117761002
0,-999,-999,519.293509225229
0,-999,-999,524.894068003978
0,-999,-999,499.866199696122
0,-999,-999,762.764462275575
0,-999,-999,498.128140236654
0,-999,-999,491.744768431692
0,-999,-999,636.868763875875
0,-999,-999,534.101312150544
0,-999,-999,564.820479456193
0,-999,-999,699.883028090268
0,-999,-999,506.008140842791
0,-999,-999,564.142994501408
0,-999,-999,567.978769456706
0,-999,-999,500.558101483047
0,-999,-999,541.877543108961
0,-999,-999,549.884588296049
0,-999,-999,454.461080105094
0,-999,-999,519.143076864487
0,-999,-999,584.983326720512
0,-999,-999,715.535866757027
0,-999,-999,528.189187626854
0,-999,-999,602.577123135939
0,-999,-999,697.325144586608
0,-999,-999,604.885085274355
0,-999,-999,557.940965327013
0,-999,-999,508.281001216512
0,-999,-999,469.866064398924
0,-999,-999,542.480160807527
0,-999,-999,478.009481236197
0,-999,-999,522.999424314283
0,-999,-999,716.903055411405
0,-999,-999,439.539872910707
0,-999,-999,465.42181511468
0,-999,-999,576.907749206336
0,-999,-999,468.621846316401
0,-999,-999,559.466144038627
0,-999,-999,534.830396228561
0,-999,-999,445.00718659882
0,-999,-999,522.458760794535
0,-999,-999,485.375485856623
0,-999,-999,528.803462669088
0,-999,-999,574.29404460487
0,-999,-999,512.705979544825
0,-999,-999,410.691201647823
0,-999,-999,618.416614470484
0,-999,-999,477.288434525661
0,-999,-999,656.065945329201
0,-999,-999,507.577645623864
0,-999,-999,504.409912836916
0,-999,-999,498.684976340275
0,-999,-999,628.184757160911
0,-999,-999,571.653120841933
0,-999,-999,423.873323370564
0,-999,-999,611.576992125218
0,-999,-999,531.589172939115
0,-999,-999,591.698446464132
0,-999,-999,534.577548628494
0,-999,-999,505.370423477266
0,-999,-999,699.132773168246
0,-999,-999,608.349391600076
0,-999,-999,543.523332337757
0,-999,-999,466.456879270637
0,-999,-999,536.553458087972
0,-999,-999,589.355919554281
0,-999,-999,482.422109784391
0,-999,-999,577.432748465882
0,-999,-999,528.444265552418
0,-999,-999,544.439283864033
0,-999,-999,511.344316639173
0,-999,-999,516.275946622687
0,-999,-999,473.183830291047
0,-999,-999,471.208646591088
0,-999,-999,602.990706197407
0,-999,-999,551.160179035746
0,-999,-999,555.856091571592
0,-999,-999,578.939290083654
0,-999,-999,536.49418768157
0,-999,-999,464.707959152247
0,-999,-999,578.705511261647
0,-999,-999,507.971891675816
0,-999,-999,576.990070710831
0,-999,-999,585.930083301935
0,-999,-999,490.910728606102
0,-999,-999,595.839327427824
0,-999,-999,546.703205568539
0,-999,-999,477.161941337148
0,-999,-999,551.105911737941
0,-999,-999,782.096862025512
0,-999,-999,576.091863224873
0,-999,-999,505.589293852564
0,-999,-999,628.263093010448
0,-999,-999,489.300153925971
0,-999,-999,530.84999307698
0,-999,-999,537.315502413354
0,-999,-999,488.742793379061
0,-999,-999,550.134005585622
0,-999,-999,503.320184418418
0,-999,-999,546.151340485474
0,-999,-999,613.909458484298
0,-999,-999,646.004616818566
0,-999,-999,502.821961663837
0,-999,-999,511.918318506539
0,-999,-999,555.645515833886
0,-999,-999,606.238422213816
0,-999,-999,569.924856195766
0,-999,-999,513.185085290565
0,-999,-999,459.728703210382
0,-999,-999,489.803368430169
0,-999,-999,452.821942156002
0,-999,-999,575.505297485959
0,-999,-999,527.532978233259
0,-999,-999,547.306303793132
0,-999,-999,511.368605542562
0,-999,-999,564.249323811811
0,-999,-999,555.59801227622
0,-999,-999,591.814774228356
0,-999,-999,670.581089014833
0,-999,-999,507.294049647305
0,-999,-999,479.454358266101
0,-999,-999,590.746243734396
0,-999,-999,457.340133209316
0,-999,-999,500.249943516354
0,-999,-999,509.960447332769
0,-999,-999,480.215296104236
0,-999,-999,482.321977518326
0,-999,-999,859.852942596215
0,-999,-999,550.255766746265
0,-999,-999,652.67763011899
0,-999,-999,451.346267510635
0,-999,-999,427.940511980564
0,-999,-999,459.952192442474
0,-999,-999,491.999952955735
0,-999,-999,621.94461252365
0,-999,-999,500.36816387293
0,-999,-999,509.842336632689
0,-999,-999,497.013265692624
0,-999,-999,494.101547084625
0,-999,-999,708.377211838865
0,-999,-999,501.053172300618
0,-999,-999,521.316498963305
0,-999,-999,556.624257508803
0,-999,-999,492.294305918071
0,-999,-999,537.663924735821
0,-999,-999,475.660274571163
0,-999,-999,506.352686593311
0,-999,-999,584.825566534253
0,-999,-999,470.081999259848
0,-999,-999,547.271963573998
0,-999,-999,530.579167079424
0,-999,-999,674.041332887092
0,-999,-999,822.624145807748
0,-999,-999,489.895992166321
0,-999,-999,720.114430011233
0,-999,-999,714.085748109319
0,-999,-999,610.594235373842
0,-999,-999,512.274112714581
0,-999,-999,559.176846525991
0,-999,-999,540.356931924776
0,-999,-999,485.180326298662
0,-999,-999,752.100869482462
0,-999,-999,541.785353250448
0,-999,-999,545.616563655513
0,-999,-999,547.414200810426
0,-999,-999,648.410756947594
0,-999,-999,551.628216973167
0,-999,-999,532.623689750022
0,-999,-999,553.389259003256
0,-999,-999,528.294273429172
0,-999,-999,496.28973958019
0,-999,-999,482.363424914129
0,-999,-999,519.519537968586
0,-999,-999,503.11815870543
0,-999,-999,585.083810108472
0,-999,-999,481.890474981104
0,-999,-999,578.506155219691
0,-999,-999,1005.7634075336
0,-999,-999,694.220998379179
0,-999,-999,619.784756648455
0,-999,-999,575.403543231018
0,-999,-999,576.667988322404
0,-999,-999,557.880976363944
0,-999,-999,690.661655276682
0,-999,-999,555.651773883651
0,-999,-999,644.895784658938
0,-999,-999,654.018567632851
0,-999,-999,577.226771139648
0,-999,-999,458.294060568639
0,-999,-999,540.491439076742
0,-999,-999,618.59418777917
0,-999,-999,501.458431432713
0,-999,-999,498.753390653406
0,-999,-999,531.925590194973
0,-999,-999,504.293049887598
0,-999,-999,445.224213628489
0,-999,-999,546.264432053595
0,-999,-999,496.021014214443
0,-999,-999,576.844174369466
0,-999,-999,483.806776137209
0,-999,-999,611.338838171141
0,-999,-999,507.56863409321
0,-999,-999,660.321344307047
0,-999,-999,432.229716021144
0,-999,-999,536.702323642624
0,-999,-999,617.763983098617
0,-999,-999,539.283931696349
0,-999,-999,472.366145304306
0,-999,-999,503.455948037466
0,-999,-999,528.500037881211
0,-999,-999,704.357842253512
0,-999,-999,673.198807442146
0,-999,-999,501.784374389635
0,-999,-999,730.749736741078
0,-999,-999,638.760517329331
0,-999,-999,651.156524827022
0,-999,-999,476.721602001727
0,-999,-999,583.952330521827
0,-999,-999,519.079537109901
0,-999,-999,484.559914280317
0,-999,-999,553.968651501255
0,-999,-999,475.137478651493
0,-999,-999,648.580346718601
0,-999,-999,475.533438383361
0,-999,-999,547.949834496719
0,-999,-999,592.845096090683
0,-999,-999,439.127351953369
0,-999,-999,540.842817924196
0,-999,-999,566.251447298548
0,-999,-999,550.141227160797
0,-999,-999,501.533192921019
0,-999,-999,510.199468637211
0,-999,-999,485.834330198463
0,-999,-999,598.942174533999
0,-999,-999,486.48457013318
0,-999,-999,551.146826518484
0,-999,-999,512.49232872791
0,-999,-999,500.81507717205
0,-999,-999,565.372955592049
0,-999,-999,531.965148204722
0,-999,-999,592.705601866524
0,-999,-999,460.658330211177
0,-999,-999,878.984577523413
0,-999,-999,546.198423649575
0,-999,-999,463.910329943337
0,-999,-999,450.792212162321
0,-999,-999,511.000796991713
0,-999,-999,625.274425537946
0,-999,-999,541.309326347594
0,-999,-999,565.628813170765
0,-999,-999,479.65344374663
0,-999,-999,502.928536279761
0,-999,-999,654.64898113615
0,-999,-999,609.119730403014
0,-999,-999,548.201300547956
0,-999,-999,478.333682174024
0,-999,-999,498.793531760088
0,-999,-999,472.983364406097
0,-999,-999,629.620873724195
0,-999,-999,577.095548758949
0,-999,-999,417.146831075551
0,-999,-999,834.145284752952
0,-999,-999,489.588645657459
0,-999,-999,505.608801325038
0,-999,-999,504.952049952841
0,-999,-999,548.489762235712
0,-999,-999,462.815865135782
0,-999,-999,697.172393807612
0,-999,-999,710.494911685274
0,-999,-999,542.757945487758
0,-999,-999,515.078111935171
0,-999,-999,554.266705285814
0,-999,-999,541.357730613047
0,-999,-999,503.84764216734
0,-999,-999,559.430989708145
0,-999,-999,440.985712797457
0,-999,-999,452.411141442666
0,-999,-999,596.284670197619
0,-999,-999,443.94016415584
0,-999,-999,528.349835273491
0,-999,-999,627.148886228312
0,-999,-999,477.185238817015
0,-999,-999,527.605417415863
0,-999,-999,635.516587722897
0,-999,-999,571.349523256848
0,-999,-999,466.112907127581
0,-999,-999,661.092267819196
0,-999,-999,538.466101114076
0,-999,-999,564.131353802506
0,-999,-999,609.248719180962
0,-999,-999,517.58679742778
0,-999,-999,585.871603516508
0,-999,-999,446.727343400415
0,-999,-999,487.235721156374
0,-999,-999,573.33616334413
0,-999,-999,630.228734621186
0,-999,-999,629.24421116871
0,-999,-999,560.375502368056
0,-999,-999,739.051387070864
0,-999,-999,671.270155519903
0,-999,-999,488.907574051027
0,-999,-999,503.267720907949
0,-999,-999,530.373982472694
0,-999,-999,489.53462469221
0,-999,-999,583.024554270332
0,-999,-999,894.744381335999
0,-999,-999,554.625352927262
0,-999,-999,496.052462124813
0,-999,-999,628.167078033425
0,-999,-999,509.973222274914
0,-999,-999,487.672086610178
0,-999,-999,548.27508208215
0,-999,-999,659.464405574472
0,-999,-999,549.529507917763
0,-999,-999,419.81555533516
0,-999,-999,529.369660374462
0,-999,-999,513.344031569671
0,-999,-999,512.972657792663
0,-999,-999,549.924867888103
0,-999,-999,645.113105801387
0,-999,-999,517.85896565904
0,-999,-999,569.769776053881
0,-999,-999,649.8605418322
0,-999,-999,495.375133423124
0,-999,-999,575.716187029734
0,-999,-999,576.167122121054
0,-999,-999,439.062092652844
0,-999,-999,465.648902917633
0,-999,-999,544.112910499827
0,-999,-999,511.765993092639
0,-999,-999,497.581720248858
0,-999,-999,537.38047478942
0,-999,-999,471.582840407916
0,-999,-999,621.757806499429
0,-999,-999,754.027624647672
0,-999,-999,467.527793923407
0,-999,-999,586.754384268446
0,-999,-999,633.760955699057
0,-999,-999,784.688018652434
0,-999,-999,530.581591537378
0,-999,-999,457.929371456048
0,-999,-999,605.382333592016
0,-999,-999,553.737225743155
0,-999,-999,578.50776264916
0,-999,-999,487.733214228195
0,-999,-999,477.060281055638
0,-999,-999,722.723415843454
0,-999,-999,627.396908831731
0,-999,-999,627.399556502255
0,-999,-999,589.968395503741
0,-999,-999,615.042037771881
0,-999,-999,565.912576291887
0,-999,-999,568.317171700482
0,-999,-999,578.975587984196
0,-999,-999,529.014210542545
0,-999,-999,530.607206264525
0,-999,-999,520.244610173399
0,-999,-999,519.479775082054
0,-999,-999,628.641435201851
0,-999,-999,587.829012984981
0,-999,-999,551.675521405081
0,-999,-999,565.30907514992
0,-999,-999,534.180660683489
0,-999,-999,535.516599010739
0,-999,-999,524.83648055685
0,-999,-999,448.482614179428
0,-999,-999,534.109100703817
0,-999,-999,547.518872965612
0,-999,-999,611.898737905169
0,-999,-999,611.899840086912
0,-999,-999,585.147768725454
0,-999,-999,530.18354233325
0,-999,-999,553.400328087665
0,-999,-999,575.271091360899
0,-999,-999,535.961881445408
0,-999,-999,578.011377944358
0,-999,-999,565.76477138676
0,-999,-999,623.730278421444
0,-999,-999,516.201636293313
0,-999,-999,683.020836370741
0,-999,-999,460.457500953524
0,-999,-999,516.025620702661
0,-999,-999,643.87153181239
0,-999,-999,557.521808808246
0,-999,-999,614.495374310942
0,-999,-999,599.825242326129
0,-999,-999,571.408169693223
0,-999,-999,504.433171855104
0,-999,-999,658.387029948906
0,-999,-999,497.871500398926
0,-999,-999,693.936448112837
0,-999,-999,458.081019235395
0,-999,-999,592.835893160425
0,-999,-999,553.686024566926
0,-999,-999,455.335936986042
0,-999,-999,484.726277895336
0,-999,-999,508.627862233796
0,-999,-999,516.955567229778
0,-999,-999,757.745935956838
0,-999,-999,486.464441798258
0,-999,-999,523.247213463963
0,-999,-999,860.65009362909
0,-999,-999,480.885736382379
0,-999,-999,523.937822094054
0,-999,-999,549.266725768079
0,-999,-999,510.936484904203
0,-999,-999,488.015976667311
0,-999,-999,478.890881375093
0,-999,-999,524.722931870186
0,-999,-999,542.237319565352
0,-999,-999,464.108106476151
0,-999,-999,539.487897621765
0,-999,-999,774.458894589673
0,-999,-999,585.815236834054
0,-999,-999,825.880585950729
0,-999,-999,552.729828446973
0,-999,-999,649.86672701842
0,-999,-999,801.676278537219
0,-999,-999,517.270638421821
0,-999,-999,609.352585595351
0,-999,-999,609.874773507811
0,-999,-999,626.076578031685
0,-999,-999,503.383394070352
0,-999,-999,509.089209009265
0,-999,-999,595.282435428645
0,-999,-999,547.625843011195
0,-999,-999,520.698922403925
0,-999,-999,511.200488817779
0,-999,-999,502.915409901075
0,-999,-999,496.67641204766
0,-999,-999,514.808246826579
0,-999,-999,792.142619953697
0,-999,-999,587.118990429144
0,-999,-999,523.327944761729
0,-999,-999,634.637267664265
0,-999,-999,527.783437908313
0,-999,-999,447.351531925429
0,-999,-999,686.761020129599
0,-999,-999,529.279958382434
0,-999,-999,506.023943435362
0,-999,-999,573.518491840496
0,-999,-999,661.433225671026
0,-999,-999,568.301875361488
0,-999,-999,436.787382385242
0,-999,-999,520.988997786153
0,-999,-999,490.826263248104
0,-999,-999,628.487115578246
0,-999,-999,562.321550943537
0,-999,-999,521.159825669617
0,-999,-999,481.256977233673
0,-999,-999,550.332930639953
0,-999,-999,542.287797142769
0,-999,-999,600.985392973475
0,-999,-999,579.016781299986
0,-999,-999,537.645113387639
0,-999,-999,539.558587084207
0,-999,-999,554.870846843088
0,-999,-999,512.554492757329
0,-999,-999,558.096342115209
0,-999,-999,491.541355270241
0,-999,-999,606.449974227522
0,-999,-999,596.946043542779
0,-999,-999,532.872904601736
0,-999,-999,551.274198775508
0,-999,-999,559.388136810504
0,-999,-999,505.463354969993
0,-999,-999,517.033071004756
0,-999,-999,489.447070476179
0,-999,-999,580.134304887328
0,-999,-999,527.40212506255
0,-999,-999,496.139527189521
0,-999,-999,521.568747410262
0,-999,-999,471.33252560367
0,-999,-999,477.709212143944
0,-999,-999,556.773451612851
0,-999,-999,496.279084732193
0,-999,-999,551.794493890821
0,-999,-999,533.408280071545
0,-999,-999,611.41289942399
0,-999,-999,500.141314338185
0,-999,-999,531.37727922519
0,-999,-999,499.798241497787
0,-999,-999,510.902243908464
0,-999,-999,516.983472148808
0,-999,-999,720.624868385361
0,-999,-999,756.891898311907
0,-999,-999,506.53579882338
0,-999,-999,521.361022872149
0,-999,-999,496.695243824191
0,-999,-999,539.927040692435
0,-999,-999,496.825407435498
0,-999,-999,452.740184502402
0,-999,-999,494.79920616819
0,-999,-999,468.359951530963
0,-999,-999,557.787366592812
0,-999,-999,693.801698039587
0,-999,-999,576.49849517193
0,-999,-999,568.573038134247
0,-999,-999,557.411579928251
0,-999,-999,522.706562687107
0,-999,-999,835.678396268467
0,-999,-999,496.105962791051
0,-999,-999,537.086699781389
0,-999,-999,506.867205785175
0,-999,-999,498.192126123773
0,-999,-999,1264.22351647711
0,-999,-999,463.61171952766
0,-999,-999,535.561075054885
0,-999,-999,555.567815027414
0,-999,-999,720.393338160748
0,-999,-999,452.328160816812
0,-999,-999,748.484527044878
0,-999,-999,507.680813607059
0,-999,-999,427.256061466597
0,-999,-999,617.540050755817
0,-999,-999,518.442330441671
0,-999,-999,485.545962635974
0,-999,-999,527.838708523061
0,-999,-999,615.914046010838
0,-999,-999,579.50372873266
0,-999,-999,593.198809679976
0,-999,-999,549.047555079481
0,-999,-999,663.707661944667
0,-999,-999,488.252922518937
0,-999,-999,518.261981670622
0,-999,-999,912.604602027801
0,-999,-999,645.120358121754
0,-999,-999,490.376478801914
0,-999,-999,475.675630627866
0,-999,-999,466.183310382986
0,-999,-999,559.275340533229
0,-999,-999,495.90614853128
0,-999,-999,625.570191623526
0,-999,-999,533.581294087205
0,-999,-999,681.997937057496
0,-999,-999,797.354283109087
0,-999,-999,545.056544695738
0,-999,-999,638.811634887913
0,-999,-999,493.150997544862
0,-999,-999,506.038171008842
0,-999,-999,506.685627595623
0,-999,-999,480.735817321444
0,-999,-999,556.757386855394
0,-999,-999,521.588729511548
0,-999,-999,498.230045800208
0,-999,-999,493.002361278144
0,-999,-999,476.395858840994
0,-999,-999,537.634499035608
0,-999,-999,505.095778731508
0,-999,-999,522.546056496951
0,-999,-999,483.743823958409
0,-999,-999,628.381060457142
0,-999,-999,533.142218708808
0,-999,-999,498.621751209107
0,-999,-999,691.495041659872
0,-999,-999,549.116468188702
0,-999,-999,545.307923373943
0,-999,-999,439.252836975882
0,-999,-999,554.620609745945
0,-999,-999,709.449126818302
0,-999,-999,566.392241750973
0,-999,-999,600.077266398706
0,-999,-999,538.218860930635
0,-999,-999,530.874784795311
0,-999,-999,590.011716091995
0,-999,-999,697.012723612612
0,-999,-999,508.553866023407
0,-999,-999,482.677549883772
0,-999,-999,560.747321033487
0,-999,-999,535.130887487802
0,-999,-999,673.390898967447
0,-999,-999,507.669894380931
0,-999,-999,480.136148496815
0,-999,-999,518.352762084167
0,-999,-999,695.805320234487
0,-999,-999,587.304208232899
0,-999,-999,628.063602681193
0,-999,-999,648.43279159293
0,-999,-999,539.316639943031
0,-999,-999,479.035274528842
0,-999,-999,452.161189627201
0,-999,-999,526.629482475022
0,-999,-999,521.618044898768
0,-999,-999,559.229226166619
0,-999,-999,559.464342068001
0,-999,-999,464.466199632344
0,-999,-999,571.273642896719
0,-999,-999,474.645787674492
0,-999,-999,531.570154091935
0,-999,-999,547.22734589698
0,-999,-999,497.209656539331
0,-999,-999,522.345549625561
0,-999,-999,629.338461672899
0,-999,-999,846.192665472909
0,-999,-999,586.194314162982
0,-999,-999,510.563432788702
0,-999,-999,587.221524889371
0,-999,-999,498.67414986188
0,-999,-999,501.63589955228
0,-999,-999,499.41594094529
0,-999,-999,671.001154396816
0,-999,-999,558.707135965692
0,-999,-999,458.559766286037
0,-999,-999,588.852143758051
0,-999,-999,515.864833187531
0,-999,-999,522.444329633189
0,-999,-999,520.849703664064
0,-999,-999,519.296465297539
0,-999,-999,488.009714753191
0,-999,-999,526.104558379188
0,-999,-999,464.389494865108
0,-999,-999,552.539575642528
0,-999,-999,601.43932230336
0,-999,-999,545.570645286391
0,-999,-999,545.962704840243
0,-999,-999,641.756048951997
0,-999,-999,543.877821760629
0,-999,-999,533.598919295455
0,-999,-999,507.402098136346
0,-999,-999,599.077461143152
0,-999,-999,543.40161482069
0,-999,-999,513.182395409135
0,-999,-999,465.444052633867
0,-999,-999,512.572976555869
0,-999,-999,499.713985955391
0,-999,-999,465.612720655677
0,-999,-999,521.563748231075
0,-999,-999,507.770701197122
0,-999,-999,670.544041251546
0,-999,-999,465.464180828779
0,-999,-999,457.468422172117
0,-999,-999,504.245368640332
0,-999,-999,585.530040398182
0,-999,-999,553.550329774149
0,-999,-999,542.827433464922
0,-999,-999,581.644793569278
0,-999,-999,554.898662365093
0,-999,-999,625.590363238238
0,-999,-999,652.134879128822
0,-999,-999,535.502601905672
0,-999,-999,698.550501932009
0,-999,-999,527.713564000085
0,-999,-999,586.171663667931
0,-999,-999,606.191227882836
0,-999,-999,792.102083209814
0,-999,-999,591.20667065942
0,-999,-999,533.954489636681
0,-999,-999,512.080235447424
0,-999,-999,539.543609197832
0,-999,-999,507.549560624197
0,-999,-999,484.143867081634
0,-999,-999,499.655471662353
0,-999,-999,591.75093611681
0,-999,-999,571.659051463538
0,-999,-999,511.838092274502
0,-999,-999,548.658584466987
0,-999,-999,484.650340222126
0,-999,-999,799.19073503911
0,-999,-999,498.948230979693
0,-999,-999,652.561619143072
0,-999,-999,651.80936087379
0,-999,-999,541.610959259962
0,-999,-999,484.858070546009
0,-999,-999,503.038856347724
0,-999,-999,517.320763872948
0,-999,-999,498.191205261282
0,-999,-999,496.0302185506
0,-999,-999,632.914781155418
0,-999,-999,504.129375245563
0,-999,-999,560.211718219423
0,-999,-999,514.021424595487
0,-999,-999,480.022393374356
0,-999,-999,570.368411724776
0,-999,-999,621.801600084269
0,-999,-999,498.049260429276
0,-999,-999,443.264245619169
0,-999,-999,465.369484247439
0,-999,-999,493.532786589133
0,-999,-999,703.920991102304
0,-999,-999,487.160961242179
0,-999,-999,516.565489330446
0,-999,-999,529.028064668369
0,-999,-999,573.803652434773
0,-999,-999,506.457767768807
0,-999,-999,692.377683297605
0,-999,-999,558.839779283848
0,-999,-999,567.535282768842
0,-999,-999,587.59719821823
0,-999,-999,638.086604532874
0,-999,-999,590.092376487681
0,-999,-999,499.734341895392
0,-999,-999,702.078203693078
0,-999,-999,631.891137445073
0,-999,-999,550.745583168281
0,-999,-999,531.552156691413
0,-999,-999,501.529767109387
0,-999,-999,680.641459961017
0,-999,-999,566.072791900715
0,-999,-999,513.446211827838
0,-999,-999,525.631482919436
0,-999,-999,466.47795371356
0,-999,-999,572.176411296865
0,-999,-999,580.070094084017
0,-999,-999,722.807945827993
0,-999,-999,460.64953201594
0,-999,-999,563.247554073815
0,-999,-999,543.779601364369
0,-999,-999,487.872728550996
0,-999,-999,526.756122841433
0,-999,-999,544.585361700519
0,-999,-999,614.210726898356
0,-999,-999,582.142314566678
0,-999,-999,445.116351151673
0,-999,-999,530.853388036244
0,-999,-999,485.458035775864
0,-999,-999,454.96759853091
0,-999,-999,522.094994541346
0,-999,-999,860.371969231947
0,-999,-999,585.530114125292
0,-999,-999,632.583552717409
0,-999,-999,513.709719991865
0,-999,-999,460.373060068137
0,-999,-999,479.671953162967
0,-999,-999,499.607197565361
0,-999,-999,483.813115428164
0,-999,-999,764.079931287664
0,-999,-999,452.800934712878
0,-999,-999,508.045136025917
0,-999,-999,579.407874914086
0,-999,-999,536.563722896327
0,-999,-999,452.487258163462
0,-999,-999,694.833772002164
0,-999,-999,567.151129570071
0,-999,-999,504.246019340741
0,-999,-999,741.480884255004
0,-999,-999,541.060542776277
0,-999,-999,613.440833663141
0,-999,-999,728.145463515213
0,-999,-999,488.756102843193
0,-999,-999,529.11606197794
0,-999,-999,561.17687189432
0,-999,-999,577.382593454674
0,-999,-999,669.988192245356
0,-999,-999,604.911731925058
0,-999,-999,483.873316966528
0,-999,-999,535.17362046751
0,-999,-999,468.342632870511
0,-999,-999,481.742926527483
0,-999,-999,516.500111704774
0,-999,-999,597.387377720506
0,-999,-999,596.787125628094
0,-999,-999,501.927710344724
0,-999,-999,491.675211184213
0,-999,-999,507.92177538612
0,-999,-999,459.386874025519
0,-999,-999,565.017070176508
0,-999,-999,505.922592169391
0,-999,-999,524.222787503892
0,-999,-999,493.183777986921
0,-999,-999,848.32348024744
0,-999,-999,517.603178318436
0,-999,-999,572.660900949845
0,-999,-999,529.466628444245
0,-999,-999,467.835929122223
0,-999,-999,545.77313149246
0,-999,-999,542.296487279012
0,-999,-999,554.590388947572
0,-999,-999,577.451140689973
0,-999,-999,490.07568295497
0,-999,-999,447.555601076064
0,-999,-999,481.779373887885
0,-999,-999,622.380003405922
0,-999,-999,532.464384623031
0,-999,-999,514.806208921292
0,-999,-999,650.037863664638
0,-999,-999,465.812163797193
0,-999,-999,618.171493725185
0,-999,-999,480.060977870673
0,-999,-999,519.501714782273
0,-999,-999,544.515623163293
0,-999,-999,546.470732146452
0,-999,-999,513.333196599059
0,-999,-999,517.986299180097
0,-999,-999,472.258175842523
0,-999,-999,661.380612154373
0,-999,-999,507.76488862877
0,-999,-999,498.511211051868
0,-999,-999,534.214153190205
0,-999,-999,563.777768918613
0,-999,-999,581.391324214886
0,-999,-999,638.111661606264
0,-999,-999,486.279561362343
0,-999,-999,562.080415119971
0,-999,-999,525.440828606775
0,-999,-999,563.361982174125
0,-999,-999,595.673983887413
0,-999,-999,635.038778344984
0,-999,-999,700.397204559407
0,-999,-999,389.357900045334
0,-999,-999,751.738440757685
0,-999,-999,549.261544477216
0,-999,-999,543.001717503971
0,-999,-999,510.887053452766
0,-999,-999,627.403392462499
0,-999,-999,640.030009510493
0,-999,-999,526.529740789838
0,-999,-999,594.772917900566
0,-999,-999,676.41887214625
0,-999,-999,548.623239327162
0,-999,-999,685.138605714985
0,-999,-999,536.006559207302
0,-999,-999,511.63170856015
0,-999,-999,532.324723525057
0,-999,-999,478.198471727114
0,-999,-999,549.993505633719
0,-999,-999,494.842955935236
0,-999,-999,564.184195013942
0,-999,-999,507.242754039201
0,-999,-999,599.982159713278
0,-999,-999,491.980162376492
0,-999,-999,496.840030849767
0,-999,-999,489.671812033461
0,-999,-999,576.419233575515
0,-999,-999,466.422234346885
0,-999,-999,498.65788064621
0,-999,-999,483.728500996768
0,-999,-999,639.091009230086
0,-999,-999,525.196201527864
0,-999,-999,561.660086132429
0,-999,-999,524.029654015777
0,-999,-999,599.244100506203
0,-999,-999,435.946753179275
0,-999,-999,508.742349730222
0,-999,-999,647.711427475404
0,-999,-999,537.149712270644
0,-999,-999,486.779296046564
0,-999,-999,467.916781655083
0,-999,-999,682.238978204821
0,-999,-999,558.812435913847
0,-999,-999,464.067977015182
0,-999,-999,525.477483521681
0,-999,-999,448.83675930895
0,-999,-999,552.023121143798
0,-999,-999,599.032784303315
0,-999,-999,558.945878400256
0,-999,-999,625.717529214383
0,-999,-999,488.468409527862
0,-999,-999,464.868340538229
0,-999,-999,546.978053791312
0,-999,-999,698.065212350622
0,-999,-999,586.879300455122
0,-999,-999,554.927050958146
0,-999,-999,545.042333217251
0,-999,-999,480.137910310058
0,-999,-999,546.315074069109
0,-999,-999,675.701763385823
0,-999,-999,486.369722438902
0,-999,-999,625.339126159857
0,-999,-999,480.384276136424
0,-999,-999,471.19732195691
0,-999,-999,588.558169486057
0,-999,-999,627.844784774096
0,-999,-999,590.045987430378
0,-999,-999,504.407235212648
0,-999,-999,595.397063270908
0,-999,-999,531.862810454672
0,-999,-999,527.911371579438
0,-999,-999,526.982505777107
0,-999,-999,550.13585741879
0,-999,-999,514.265258804487
0,-999,-999,487.901347870181
0,-999,-999,480.999857343471
0,-999,-999,510.369441053896
0,-999,-999,504.567163949492
0,-999,-999,467.247117804268
0,-999,-999,495.307693869102
0,-999,-999,472.699008950769
0,-999,-999,507.916218424505
0,-999,-999,487.307353399995
0,-999,-999,442.545153214034
0,-999,-999,464.094229560761
0,-999,-999,538.153247795473
0,-999,-999,587.922569790104
0,-999,-999,662.834289220912
0,-999,-999,565.359964051401
0,-999,-999,581.095994831306
0,-999,-999,542.635841621182
0,-999,-999,591.214812199507
0,-999,-999,536.702403341277
0,-999,-999,724.4319593123
0,-999,-999,447.169692875416
0,-999,-999,584.9484717101
0,-999,-999,616.987337338966
0,-999,-999,541.21018987659
0,-999,-999,634.814390928745
0,-999,-999,516.942377487702
0,-999,-999,497.778059847194
0,-999,-999,551.699535328092
0,-999,-999,578.226651880516
0,-999,-999,652.994702642939
0,-999,-999,643.188392849198
0,-999,-999,635.630893391123
0,-999,-999,569.265030778728
0,-999,-999,501.755479765961
0,-999,-999,528.182468640026
0,-999,-999,545.889747430153
0,-999,-999,552.745283515634
0,-999,-999,532.203531244348
0,-999,-999,542.342526122614
0,-999,-999,528.251701691649
0,-999,-999,443.851632867487
0,-999,-999,526.651693021175
0,-999,-999,596.635812487786
0,-999,-999,584.839054431189
0,-999,-999,457.559757663061
0,-999,-999,444.32500417242
0,-999,-999,511.808739387906
0,-999,-999,475.530827136628
0,-999,-999,510.147644500353
0,-999,-999,533.019455500808
0,-999,-999,685.260883686792
0,-999,-999,551.283793110401
0,-999,-999,559.999901561967
0,-999,-999,616.996228643386
0,-999,-999,503.746801254406
0,-999,-999,484.660993393876
0,-999,-999,508.021989960522
0,-999,-999,473.306936875546
0,-999,-999,491.310136915519
0,-999,-999,478.125922054569
0,-999,-999,610.5708328062
0,-999,-999,634.959255403794
0,-999,-999,496.829729401625
0,-999,-999,545.796474628225
0,-999,-999,582.723570467537
0,-999,-999,570.222948910741
0,-999,-999,602.486078404795
0,-999,-999,572.90028924353
0,-999,-999,815.912694586715
0,-999,-999,529.087277968953
0,-999,-999,470.106353696774
0,-999,-999,467.624892851054
0,-999,-999,463.441604177197
0,-999,-999,491.30650549765
0,-999,-999,499.159243896693
0,-999,-999,483.773744461666
0,-999,-999,546.138248842255
0,-999,-999,482.215854472901
0,-999,-999,529.821340299589
0,-999,-999,510.963208578858
0,-999,-999,583.916394046865
0,-999,-999,480.811876703353
0,-999,-999,543.306060055823
0,-999,-999,550.256914126631
0,-999,-999,459.672723839832
0,-999,-999,455.722869289789
0,-999,-999,537.208407622863
0,-999,-999,481.091675317562
0,-999,-999,484.670180236501
0,-999,-999,511.343986547387
0,-999,-999,501.707709107783
0,-999,-999,567.518812710229
0,-999,-999,547.168130448597
0,-999,-999,577.165980674573
0,-999,-999,507.386143334233
0,-999,-999,579.977930360675
0,-999,-999,499.679394209204
0,-999,-999,648.467940455559
0,-999,-999,508.733175469524
0,-999,-999,551.131735372575
0,-999,-999,625.944978094017
0,-999,-999,570.464314016693
0,-999,-999,468.011635291833
0,-999,-999,496.570963853707
0,-999,-999,825.006010406893
0,-999,-999,523.871401282434
0,-999,-999,508.533007160632
0,-999,-999,509.35441615576
0,-999,-999,532.429062593874
0,-999,-999,515.562446515949
0,-999,-999,483.58087233824
0,-999,-999,538.296613206275
0,-999,-999,526.77179186926
0,-999,-999,496.979410431606
0,-999,-999,709.755316015626
0,-999,-999,574.020374276139
0,-999,-999,523.688643311042
0,-999,-999,602.885638277251
0,-999,-999,484.636444799651
0,-999,-999,672.256393901366
0,-999,-999,568.388371976741
0,-999,-999,530.818518657765
0,-999,-999,796.24947785057
0,-999,-999,716.565043342494
0,-999,-999,442.872770317769
0,-999,-999,637.836919928214
0,-999,-999,657.387266332751
0,-999,-999,515.526899751134
0,-999,-999,549.801797805622
0,-999,-999,505.977855137599
0,-999,-999,597.547159293051
0,-999,-999,486.501165640843
0,-999,-999,455.526530499667
0,-999,-999,469.688669175513
0,-999,-999,499.44457464764
0,-999,-999,657.609327747467
0,-999,-999,546.365924764653
0,-999,-999,540.82323832544
0,-999,-999,549.172198930509
0,-999,-999,441.804187657106
0,-999,-999,749.477909251242
0,-999,-999,623.29159776214
0,-999,-999,548.085952452206
0,-999,-999,606.34793654899
0,-999,-999,457.220610462113
0,-999,-999,475.377002629399
0,-999,-999,538.432446985867
0,-999,-999,450.178642899712
0,-999,-999,633.281226211829
0,-999,-999,572.675302132659
0,-999,-999,541.941931209694
0,-999,-999,651.195989973152
0,-999,-999,631.957279053777
0,-999,-999,616.732676646126
0,-999,-999,563.302243597237
0,-999,-999,534.657609402321
0,-999,-999,562.367031008778
0,-999,-999,479.406776842776
0,-999,-999,464.876236117512
0,-999,-999,471.165816947166
0,-999,-999,577.95065542816
0,-999,-999,549.82767874053
0,-999,-999,546.460979945454
0,-999,-999,512.174191670303
0,-999,-999,551.912431335956
0,-999,-999,558.123417993297
0,-999,-999,549.972011099536
0,-999,-999,442.240192203532
0,-999,-999,631.809301044662
0,-999,-999,527.964776767711
0,-999,-999,506.484907332916
0,-999,-999,765.430782781854
0,-999,-999,458.827198258639
0,-999,-999,524.078320635382
0,-999,-999,504.632942899314
0,-999,-999,411.279376586594
0,-999,-999,633.996846084653
0,-999,-999,457.26568550139
0,-999,-999,590.789541041991
0,-999,-999,580.569650450901
0,-999,-999,476.443857742733
0,-999,-999,603.481915861195
0,-999,-999,468.675265013928
0,-999,-999,531.205163718878
0,-999,-999,549.417412063028
0,-999,-999,660.101046637403
0,-999,-999,472.333222770356
0,-999,-999,468.402788589563
0,-999,-999,480.81720408193
0,-999,-999,661.251285650711
0,-999,-999,667.641640613517
0,-999,-999,552.744156244347
0,-999,-999,548.692032615681
0,-999,-999,510.192872187162
0,-999,-999,476.424471254188
0,-999,-999,531.039533575233
0,-999,-999,486.150297125773
0,-999,-999,504.525439302562
0,-999,-999,652.851526441725
0,-999,-999,493.836813353072
0,-999,-999,514.527726085043
0,-999,-999,562.829056735097
0,-999,-999,594.928664006801
0,-999,-999,573.657629558203
0,-999,-999,483.848093038083
0,-999,-999,690.699311322357
0,-999,-999,492.315517646521
0,-999,-999,503.185631771545
0,-999,-999,533.513584002225
0,-999,-999,534.134926817882
0,-999,-999,495.629082620487
0,-999,-999,506.705886985079
0,-999,-999,516.081256905722
0,-999,-999,604.962062079883
0,-999,-999,694.353808229033
0,-999,-999,461.645467379604
0,-999,-999,455.134387206278
0,-999,-999,605.1316335962
0,-999,-999,492.714446745383
0,-999,-999,571.152104872021
0,-999,-999,558.551188402956
0,-999,-999,604.696860026242
0,-999,-999,612.369549760418
0,-999,-999,547.837763869177
0,-999,-999,449.540529257836
0,-999,-999,616.071383033196
0,-999,-999,507.642749487298
0,-999,-999,734.900514870078
0,-999,-999,565.02808860154
0,-999,-999,516.995447885685
0,-999,-999,568.422111896182
0,-999,-999,445.803723054256
0,-999,-999,636.080858254156
0,-999,-999,626.502361510103
0,-999,-999,497.300893151775
0,-999,-999,701.294701858656
0,-999,-999,571.044291265765
0,-999,-999,675.331897148602
0,-999,-999,475.516344792199
0,-999,-999,516.94697847344
0,-999,-999,513.006559586409
0,-999,-999,537.493334395391
0,-999,-999,549.67647519079
0,-999,-999,605.231542715896
0,-999,-999,555.814618410776
0,-999,-999,499.241256737554
0,-999,-999,518.267847574143
0,-999,-999,533.859575348329
0,-999,-999,553.815700876773
0,-999,-999,573.540335349031
0,-999,-999,544.440604352968
0,-999,-999,595.429280588342
0,-999,-999,466.541471137345
0,-999,-999,555.714257084123
0,-999,-999,501.301765998845
0,-999,-999,541.747751079006
0,-999,-999,556.087089850204
0,-999,-999,470.826241337107
0,-999,-999,465.223599831171
0,-999,-999,506.933358344931
0,-999,-999,564.169140568926
0,-999,-999,499.974102965968
0,-999,-999,584.237352842286
0,-999,-999,495.434141086799
0,-999,-999,488.376136832106
0,-999,-999,496.235451604147
0,-999,-999,599.065369485856
0,-999,-999,547.313410184217
0,-999,-999,617.525374413983
0,-999,-999,616.863526896076
0,-999,-999,558.436082148339
0,-999,-999,527.005020501791
0,-999,-999,566.448405632555
0,-999,-999,566.838423673781
0,-999,-999,597.203253044353
0,-999,-999,468.63125613811
0,-999,-999,504.73368622483
0,-999,-999,611.291689404629
0,-999,-999,502.617556624198
0,-999,-999,523.691867835207
0,-999,-999,596.790601984276
0,-999,-999,602.325541693484
0,-999,-999,509.988609076895
0,-999,-999,696.822366000644
0,-999,-999,496.76264495909
0,-999,-999,774.540717796002
0,-999,-999,569.356521746378
0,-999,-999,515.948907899085
0,-999,-999,452.628356413315
0,-999,-999,589.285968276981
0,-999,-999,571.398532822013
0,-999,-999,512.628273006757
0,-999,-999,555.038082551495
0,-999,-999,533.597767234317
0,-999,-999,493.499485299507
0,-999,-999,520.120663678281
0,-999,-999,501.393580081852
0,-999,-999,523.809122631964
0,-999,-999,544.312700104953
0,-999,-999,568.050022626321
0,-999,-999,540.818904513542
0,-999,-999,430.262133739331
0,-999,-999,491.657488710308
0,-999,-999,537.234184567508
0,-999,-999,561.333679653485
0,-999,-999,500.013874784945
0,-999,-999,551.485499950217
0,-999,-999,525.454109591923
0,-999,-999,528.101494268187
0,-999,-999,702.101035692139
0,-999,-999,699.859349622354
0,-999,-999,472.339204926651
0,-999,-999,488.630247410872
0,-999,-999,528.882791226925
0,-999,-999,497.780538836248
0,-999,-999,474.658412239015
0,-999,-999,639.975439298805
0,-999,-999,535.993474785121
0,-999,-999,552.495494292362
0,-999,-999,481.194049512239
0,-999,-999,690.438445268361
0,-999,-999,488.280945727525
0,-999,-999,504.447773133956
0,-999,-999,459.941802066358
0,-999,-999,489.943758287109
0,-999,-999,543.288983532443
0,-999,-999,557.154353495823
0,-999,-999,744.900919999248
0,-999,-999,502.302940411635
0,-999,-999,571.959511592878
0,-999,-999,424.043167459325
0,-999,-999,522.31142963648
0,-999,-999,597.191490890944
0,-999,-999,688.596717018616
0,-999,-999,470.682716757658
0,-999,-999,520.357995104691
0,-999,-999,568.517516635462
0,-999,-999,614.128536686111
0,-999,-999,678.544460913464
0,-999,-999,568.900734271582
0,-999,-999,421.113576610987
0,-999,-999,649.180323919199
0,-999,-999,582.672722306008
0,-999,-999,586.061615363197
0,-999,-999,598.053218792251
0,-999,-999,626.162034597514
0,-999,-999,554.467003673078
0,-999,-999,562.948789569627
0,-999,-999,566.339480211833
0,-999,-999,637.691257134168
0,-999,-999,490.761074727167
0,-999,-999,550.876069599692
0,-999,-999,610.088688000555
0,-999,-999,566.324285911587
0,-999,-999,596.551126278026
0,-999,-999,693.396468026767
0,-999,-999,474.894273174066
0,-999,-999,577.954075412734
0,-999,-999,599.838817613779
0,-999,-999,541.618223243474
0,-999,-999,515.633261426244
0,-999,-999,510.929477469859
0,-999,-999,528.654891946472
0,-999,-999,511.407862768893
0,-999,-999,469.953563898686
0,-999,-999,457.768648709912
0,-999,-999,484.329535203994
0,-999,-999,585.429409748662
0,-999,-999,527.966412767966
0,-999,-999,604.556284764922
0,-999,-999,589.856623005445
0,-999,-999,555.025139614209
0,-999,-999,614.302353702539
0,-999,-999,547.833342683259
0,-999,-999,594.312583039274
0,-999,-999,667.374008088994
0,-999,-999,529.586966225737
0,-999,-999,526.301238013153
0,-999,-999,547.060058452098
0,-999,-999,476.008673828538
0,-999,-999,556.3604728899
0,-999,-999,431.736868699086
0,-999,-999,586.65426572753
0,-999,-999,500.907902087647
0,-999,-999,499.175074970093
0,-999,-999,488.006571896201
0,-999,-999,492.278826064216
0,-999,-999,547.108733784366
0,-999,-999,500.27165787884
0,-999,-999,495.337192167191
0,-999,-999,567.314180236962
0,-999,-999,530.490021261315
0,-999,-999,484.896277764218
0,-999,-999,714.72597523974
0,-999,-999,540.629015181506
0,-999,-999,536.52106100744
0,-999,-999,695.844420869193
0,-999,-999,504.047295040458
0,-999,-999,693.726534644356
0,-999,-999,489.51621304176
0,-999,-999,621.352254253997
0,-999,-999,387.626399462011
0,-999,-999,525.44833272161
0,-999,-999,532.05063746934
0,-999,-999,478.167399582426
0,-999,-999,472.687639418391
0,-999,-999,571.983460273027
0,-999,-999,504.23603082929
0,-999,-999,536.387877978998
0,-999,-999,602.299810048203
0,-999,-999,481.531363304904
0,-999,-999,516.742557065636
0,-999,-999,656.561195151765
0,-999,-999,664.792344464815
0,-999,-999,515.031173869138
0,-999,-999,550.492566046876
0,-999,-999,532.974971082654
0,-999,-999,654.489925663188
0,-999,-999,520.524140664863
0,-999,-999,532.188048301069
0,-999,-999,640.126479232902
0,-999,-999,640.534080325017
0,-999,-999,676.116508713905
0,-999,-999,532.958987306743
0,-999,-999,543.04400469776
0,-999,-999,550.222426605494
0,-999,-999,576.945431510817
0,-999,-999,630.24002654189
0,-999,-999,535.315510282669
0,-999,-999,585.123004992407
0,-999,-999,602.486451933362
0,-999,-999,474.964889573866
0,-999,-999,706.588639656474
0,-999,-999,560.50518279109
0,-999,-999,469.399456720456
0,-999,-999,493.44097466282
0,-999,-999,674.615563559962
0,-999,-999,509.306037986506
0,-999,-999,579.693155093005
0,-999,-999,543.630158520911
0,-999,-999,703.033384308547
0,-999,-999,635.545078159347
0,-999,-999,500.504385452373
0,-999,-999,659.898483610526
0,-999,-999,490.616822138113
0,-999,-999,516.200000907271
0,-999,-999,440.916758626534
0,-999,-999,497.59287984346
0,-999,-999,481.264075787048
0,-999,-999,921.076969811532
0,-999,-999,476.909591708381
0,-999,-999,724.568525019557
0,-999,-999,872.65349543921
0,-999,-999,500.842647702062
0,-999,-999,605.680988791515
0,-999,-999,682.061035801915
0,-999,-999,518.137850518897
0,-999,-999,516.644890612925
0,-999,-999,728.991794438281
0,-999,-999,488.303620574064
0,-999,-999,591.804410064592
0,-999,-999,589.254194800662
0,-999,-999,718.468225795499
0,-999,-999,538.578580211787
0,-999,-999,497.802032775299
0,-999,-999,505.341981789143
0,-999,-999,528.563826680401
0,-999,-999,480.273791278523
0,-999,-999,523.127498697038
0,-999,-999,493.350931167652
0,-999,-999,534.703409095204
0,-999,-999,443.363476426673
0,-999,-999,533.306715937785
0,-999,-999,525.525690963839
0,-999,-999,484.034289347748
0,-999,-999,493.312381685526
0,-999,-999,612.216737534641
0,-999,-999,481.61101811746
0,-999,-999,436.346223016295
0,-999,-999,526.07105712222
0,-999,-999,594.157876417318
0,-999,-999,533.488567371675
0,-999,-999,484.537790602121
0,-999,-999,532.718762993252
0,-999,-999,635.346958159171
0,-999,-999,514.142144873665
0,-999,-999,493.150004944651
0,-999,-999,516.309870933115
0,-999,-999,502.170521832072
0,-999,-999,590.364940777463
0,-999,-999,498.768903085659
0,-999,-999,633.943884950335
0,-999,-999,977.511315542959
0,-999,-999,649.531798608282
0,-999,-999,617.572418072267
0,-999,-999,500.244988031033
0,-999,-999,554.986032146177
0,-999,-999,482.243988965222
0,-999,-999,519.638912621038
0,-999,-999,509.291743948102
0,-999,-999,719.494764481326
0,-999,-999,539.666156598301
0,-999,-999,546.743542797176
0,-999,-999,483.440229003733
0,-999,-999,509.649808680054
0,-999,-999,475.228911567471
0,-999,-999,502.333568459904
0,-999,-999,393.001401285371
0,-999,-999,507.947599012782
0,-999,-999,563.789143799703
0,-999,-999,596.465289449038
0,-999,-999,660.633317649153
0,-999,-999,519.662978215138
0,-999,-999,821.418733253997
0,-999,-999,482.45167245526
0,-999,-999,533.965426012257
0,-999,-999,527.414161832772
0,-999,-999,762.091979798526
0,-999,-999,569.973212253319
0,-999,-999,596.994337652788
0,-999,-999,511.49738865192
0,-999,-999,584.139876065638
0,-999,-999,518.397388601729
0,-999,-999,552.660823600444
0,-999,-999,637.29897201834
0,-999,-999,569.015504103283
0,-999,-999,524.73084342081
0,-999,-999,506.011709699829
0,-999,-999,622.930852748195
0,-999,-999,548.272096657053
0,-999,-999,641.88728512159
0,-999,-999,681.956885228283
0,-999,-999,706.509016922584
0,-999,-999,645.331570713623
0,-999,-999,651.999161523459
0,-999,-999,469.343390907559
0,-999,-999,433.657319257713
0,-999,-999,612.412063833042
0,-999,-999,492.751463146914
0,-999,-999,481.507650184134
0,-999,-999,505.683186823441
0,-999,-999,533.125425580199
0,-999,-999,513.716853285237
0,-999,-999,479.949811131045
0,-999,-999,533.245738042278
0,-999,-999,478.318742841977
0,-999,-999,480.354383838341
0,-999,-999,507.551770165782
0,-999,-999,509.87551376417
0,-999,-999,517.452246676984
0,-999,-999,577.293543539373
0,-999,-999,546.481669025936
0,-999,-999,456.699671005024
0,-999,-999,518.519541620466
0,-999,-999,559.443970104019
0,-999,-999,529.623550240037
0,-999,-999,411.524717745792
0,-999,-999,725.85398900826
0,-999,-999,519.021806922547
0,-999,-999,637.168696435543
0,-999,-999,517.594446910122
0,-999,-999,463.417493940074
0,-999,-999,788.461348058458
0,-999,-999,593.562364430108
0,-999,-999,543.532896675985
0,-999,-999,814.480720534137
0,-999,-999,545.12150298461
0,-999,-999,480.786217494289
0,-999,-999,462.468315264423
0,-999,-999,494.920336133607
0,-999,-999,617.707209142605
0,-999,-999,652.054208826363
0,-999,-999,494.125940593682
0,-999,-999,449.641222560614
0,-999,-999,579.365589657711
0,-999,-999,761.424841692247
0,-999,-999,707.714666986233
0,-999,-999,622.603504779427
0,-999,-999,488.398433963897
0,-999,-999,591.196579462849
0,-999,-999,497.898122222113
0,-999,-999,575.089476245407
0,-999,-999,482.186707139802
0,-999,-999,535.813772261511
0,-999,-999,495.203924622302
0,-999,-999,556.887267668802
0,-999,-999,565.011256569238
0,-999,-999,641.818001172904
0,-999,-999,468.620794612169
0,-999,-999,509.565740076438
0,-999,-999,766.822840131946
0,-999,-999,533.737302556862
0,-999,-999,440.002176690336
0,-999,-999,527.595388485144
0,-999,-999,622.262903544441
0,-999,-999,475.435294509482
0,-999,-999,523.64108699358
0,-999,-999,411.575653588682
0,-999,-999,474.43067156974
0,-999,-999,569.354635727307
0,-999,-999,543.347749583527
0,-999,-999,605.553879893557
0,-999,-999,603.75335014607
0,-999,-999,515.909806533448
0,-999,-999,530.177420441238
0,-999,-999,482.683079720764
0,-999,-999,485.943903756074
0,-999,-999,528.421595951079
0,-999,-999,584.947848142697
0,-999,-999,558.280304309451
0,-999,-999,555.730788060815
0,-999,-999,550.334534417588
0,-999,-999,513.094434050366
0,-999,-999,481.162635697277
0,-999,-999,498.398407822989
0,-999,-999,472.77681612258
0,-999,-999,455.717174809694
0,-999,-999,543.28208057842
0,-999,-999,582.866407356575
0,-999,-999,496.739594157003
0,-999,-999,446.03539226559
0,-999,-999,577.229198150755
0,-999,-999,504.773858863764
0,-999,-999,538.189145114199
0,-999,-999,670.395104170358
0,-999,-999,399.364588982325
1,1,100,-999
1,1,100,-999
1,1,100,-999
1,1,100,-999
1,1,100,-999
1,1,100,-999
1,1,100,-999
1,1,100,-999
1,1,100,-999
1,1,100,-999
1,1,100,-999
1,1,100,-999
1,1,100,-999
1,1,100,-999
1,1,100,-999
1,1,100,-999
1,1,100,-999
1,1,100,-999
1,1,100,-999
1,1,100,-999
1,1,100,-999
1,1,100,-999
1,0,100,396.821362781882
1,1,100,-999
1,1,100,-999
1,1,100,-999
1,1,100,-999
1,1,100,-999
1,1,100,-999
1,0,100,518.559997081144
1,1,100,-999
1,1,100,-999
1,1,100,-999
1,1,100,-999
1,1,100,-999
1,1,100,-999
1,1,100,-999
1,0,100,506.551655515782
1,1,100,-999
1,1,100,-999
1,1,100,-999
1,1,100,-999
1,1,100,-999
1,1,100,-999
1,1,100,-999
1,1,100,-999
1,1,100,-999
1,1,100,-999
1,1,100,-999
1,1,100,-999
1,1,100,-999
1,1,100,-999
1,1,100,-999
1,1,100,-999
1,1,100,-999
1,1,100,-999
1,0,100,491.001606316953
1,1,100,-999
1,1,100,-999
1,1,100,-999
1,1,100,-999
1,1,100,-999
1,1,100,-999
1,1,100,-999
1,1,100,-999
1,1,100,-999
1,1,100,-999
1,1,100,-999
1,1,100,-999
1,1,100,-999
1,1,100,-999
1,0,100,454.797994028173
1,1,100,-999
1,1,100,-999
1,1,100,-999
1,1,100,-999
1,1,100,-999
1,1,100,-999
1,1,100,-999
1,1,100,-999
1,1,100,-999
1,1,100,-999
1,1,100,-999
1,1,100,-999
1,1,100,-999
1,1,100,-999
1,1,100,-999
1,1,100,-999
1,1,100,-999
1,1,100,-999
1,1,100,-999
1,1,100,-999
1,1,100,-999
1,1,100,-999
1,1,100,-999
1,1,100,-999
1,1,100,-999
1,1,100,-999
1,1,100,-999
1,1,100,-999
1,1,150,-999
1,1,150,-999
1,0,150,514.416919906048
1,1,150,-999
1,0,150,576.625706244209
1,1,150,-999
1,1,150,-999
1,0,150,540.433126193091
1,1,150,-999
1,0,150,458.904039078091
1,1,150,-999
1,1,150,-999
1,1,150,-999
1,1,150,-999
1,1,150,-999
1,1,150,-999
1,1,150,-999
1,1,150,-999
1,1,150,-999
1,1,150,-999
1,0,150,443.024351572186
1,1,150,-999
1,1,150,-999
1,1,150,-999
1,1,150,-999
1,1,150,-999
1,1,150,-999
1,1,150,-999
1,1,150,-999
1,0,150,435.323783130121
1,1,150,-999
1,1,150,-999
1,1,150,-999
1,1,150,-999
1,1,150,-999
1,1,150,-999
1,1,150,-999
1,1,150,-999
1,0,150,497.674893134242
1,1,150,-999
1,1,150,-999
1,1,150,-999
1,1,150,-999
1,1,150,-999
1,1,150,-999
1,1,150,-999
1,1,150,-999
1,1,150,-999
1,1,150,-999
1,1,150,-999
1,1,150,-999
1,1,150,-999
1,1,150,-999
1,1,150,-999
1,1,150,-999
1,1,150,-999
1,1,150,-999
1,0,150,519.86291526877
1,1,150,-999
1,1,150,-999
1,1,150,-999
1,1,150,-999
1,1,150,-999
1,1,150,-999
1,1,150,-999
1,1,150,-999
1,0,150,473.590611335753
1,1,150,-999
1,1,150,-999
1,1,150,-999
1,1,150,-999
1,1,150,-999
1,1,150,-999
1,1,150,-999
1,1,150,-999
1,1,150,-999
1,1,150,-999
1,0,150,460.061950590856
1,1,150,-999
1,1,150,-999
1,1,150,-999
1,1,150,-999
1,1,150,-999
1,1,150,-999
1,1,150,-999
1,1,150,-999
1,1,150,-999
1,1,150,-999
1,0,150,449.548607558493
1,1,150,-999
1,1,150,-999
1,1,150,-999
1,0,150,492.105585897002
1,1,150,-999
1,1,150,-999
1,1,150,-999
1,1,150,-999
1,1,150,-999
1,1,150,-999
1,1,150,-999
1,1,200,-999
1,1,200,-999
1,1,200,-999
1,0,200,479.592278120826
1,1,200,-999
1,0,200,524.460421527227
1,1,200,-999
1,1,200,-999
1,1,200,-999
1,1,200,-999
1,1,200,-999
1,1,200,-999
1,1,200,-999
1,1,200,-999
1,1,200,-999
1,1,200,-999
1,0,200,482.208081251314
1,1,200,-999
1,0,200,496.25259294599
1,1,200,-999
1,1,200,-999
1,1,200,-999
1,0,200,490.963141500308
1,1,200,-999
1,1,200,-999
1,1,200,-999
1,1,200,-999
1,1,200,-999
1,1,200,-999
1,1,200,-999
1,1,200,-999
1,0,200,485.755384975413
1,1,200,-999
1,1,200,-999
1,1,200,-999
1,1,200,-999
1,1,200,-999
1,0,200,484.220333632095
1,1,200,-999
1,1,200,-999
1,1,200,-999
1,0,200,449.960399782017
1,0,200,547.478602763204
1,1,200,-999
1,0,200,468.67880024659
1,1,200,-999
1,0,200,493.249134583682
1,1,200,-999
1,1,200,-999
1,1,200,-999
1,1,200,-999
1,1,200,-999
1,1,200,-999
1,0,200,574.336375619198
1,1,200,-999
1,0,200,473.531387341837
1,1,200,-999
1,1,200,-999
1,0,200,531.647798803605
1,1,200,-999
1,1,200,-999
1,1,200,-999
1,0,200,499.610822754145
1,1,200,-999
1,0,200,471.953177459753
1,0,200,542.648515930731
1,0,200,509.248576103754
1,1,200,-999
1,1,200,-999
1,1,200,-999
1,1,200,-999
1,1,200,-999
1,1,200,-999
1,0,200,547.454510441773
1,1,200,-999
1,1,200,-999
1,1,200,-999
1,1,200,-999
1,0,200,465.063075172677
1,1,200,-999
1,0,200,410.537868690715
1,1,200,-999
1,1,200,-999
1,1,200,-999
1,1,200,-999
1,1,200,-999
1,0,200,451.404545053166
1,1,200,-999
1,0,200,493.535240263452
1,0,200,539.434886677861
1,1,200,-999
1,1,200,-999
1,1,200,-999
1,1,200,-999
1,1,200,-999
1,1,200,-999
1,1,200,-999
1,1,200,-999
1,1,200,-999
1,1,200,-999
1,1,250,-999
1,1,250,-999
1,1,250,-999
1,1,250,-999
1,1,250,-999
1,1,250,-999
1,1,250,-999
1,1,250,-999
1,1,250,-999
1,1,250,-999
1,1,250,-999
1,1,250,-999
1,1,250,-999
1,0,250,516.356949784336
1,1,250,-999
1,1,250,-999
1,1,250,-999
1,0,250,484.27132791264
1,1,250,-999
1,0,250,512.340522644804
1,0,250,426.513235755137
1,0,250,528.555532104258
1,1,250,-999
1,1,250,-999
1,1,250,-999
1,1,250,-999
1,0,250,522.642379372577
1,1,250,-999
1,0,250,605.995824047553
1,0,250,579.945823053405
1,0,250,454.656890808218
1,1,250,-999
1,1,250,-999
1,1,250,-999
1,0,250,507.942459936323
1,1,250,-999
1,1,250,-999
1,1,250,-999
1,1,250,-999
1,0,250,442.312379506971
1,1,250,-999
1,0,250,529.419035198497
1,1,250,-999
1,0,250,541.070881054713
1,1,250,-999
1,0,250,623.564746582858
1,0,250,480.759380449806
1,1,250,-999
1,0,250,463.041344947334
1,0,250,505.850252488744
1,1,250,-999
1,0,250,531.701350415429
1,1,250,-999
1,0,250,485.069510440831
1,0,250,507.854291227927
1,1,250,-999
1,1,250,-999
1,1,250,-999
1,0,250,531.578218138379
1,1,250,-999
1,0,250,505.861547682621
1,0,250,516.151730352056
1,0,250,602.300040174543
1,1,250,-999
1,0,250,596.729447739245
1,0,250,629.88859965239
1,0,250,469.141921451288
1,1,250,-999
1,1,250,-999
1,1,250,-999
1,1,250,-999
1,0,250,552.687897235506
1,1,250,-999
1,1,250,-999
1,1,250,-999
1,0,250,461.057299194706
1,1,250,-999
1,0,250,513.819759326028
1,1,250,-999
1,1,250,-999
1,0,250,467.876988031118
1,0,250,570.034959806241
1,1,250,-999
1,0,250,486.648405706689
1,1,250,-999
1,1,250,-999
1,0,250,483.809474891416
1,1,250,-999
1,1,250,-999
1,0,250,514.012812244558
1,1,250,-999
1,1,250,-999
1,1,250,-999
1,0,250,466.102286853375
1,1,250,-999
1,1,250,-999
1,0,250,532.933977316482
1,0,250,498.974661584927
1,0,250,565.598600885984
1,0,250,513.415291948661
1,1,300,-999
1,0,300,510.711613165224
1,1,300,-999
1,0,300,473.255402806455
1,1,300,-999
1,1,300,-999
1,1,300,-999
1,1,300,-999
1,0,300,500.869224060526
1,0,300,498.587439543122
1,1,300,-999
1,0,300,532.714264745428
1,1,300,-999
1,0,300,516.04378585481
1,1,300,-999
1,0,300,483.820850402722
1,0,300,506.341866567385
1,0,300,487.072804576138
1,0,300,609.060538651336
1,1,300,-999
1,1,300,-999
1,1,300,-999
1,0,300,515.565252273281
1,1,300,-999
1,1,300,-999
1,0,300,488.185702883923
1,0,300,580.099666492113
1,1,300,-999
1,1,300,-999
1,0,300,506.640531344781
1,0,300,644.522156588645
1,1,300,-999
1,1,300,-999
1,1,300,-999
1,1,300,-999
1,0,300,484.541316757453
1,1,300,-999
1,0,300,567.301809949511
1,1,300,-999
1,0,300,518.339006871213
1,0,300,464.727982718567
1,0,300,505.284890860622
1,0,300,497.787848711154
1,1,300,-999
1,1,300,-999
1,0,300,476.257901808395
1,0,300,496.652548901746
1,0,300,461.072777577348
1,0,300,527.278678955142
1,0,300,485.826809383459
1,0,300,491.753022339267
1,1,300,-999
1,0,300,458.276911506236
1,0,300,510.453191842025
1,0,300,447.803357534346
1,1,300,-999
1,0,300,626.129970777526
1,1,300,-999
1,0,300,495.843752086414
1,0,300,449.421494918514
1,0,300,484.332883104833
1,1,300,-999
1,0,300,512.265894243255
1,1,300,-999
1,0,300,555.759801665479
1,1,300,-999
1,0,300,475.791654538362
1,0,300,483.59241405478
1,0,300,509.76582662817
1,1,300,-999
1,0,300,495.259661166674
1,0,300,491.79087445895
1,0,300,498.691492607294
1,1,300,-999
1,1,300,-999
1,1,300,-999
1,0,300,465.645993064561
1,1,300,-999
1,0,300,436.525166237031
1,0,300,557.074106889359
1,0,300,458.141005705326
1,0,300,519.057379418166
1,1,300,-999
1,0,300,602.514395136178
1,0,300,539.844761919725
1,0,300,568.514518916708
1,1,300,-999
1,0,300,588.014125964367
1,0,300,531.110323520966
1,1,300,-999
1,0,300,501.167913192797
1,0,300,518.80935381595
1,0,300,488.498762627225
1,1,300,-999
1,0,300,495.147167114472
1,1,300,-999
1,0,300,583.970729636724
1,0,300,499.085903852452
1,1,300,-999
1,0,300,636.63941308244
1,0,350,655.026983546627
1,1,350,-999
1,0,350,474.089766203444
1,0,350,557.808621815266
1,1,350,-999
1,0,350,509.260912445911
1,1,350,-999
1,0,350,520.322946453156
1,0,350,488.39262782613
1,0,350,619.402440330859
1,0,350,504.716926886547
1,0,350,586.441319776774
1,1,350,-999
1,0,350,560.761865100576
1,0,350,529.391058831106
1,0,350,556.885812875477
1,0,350,506.283129174027
1,0,350,434.189296406444
1,0,350,543.678267939203
1,0,350,519.262481019025
1,1,350,-999
1,1,350,-999
1,1,350,-999
1,0,350,499.171211001786
1,1,350,-999
1,0,350,675.084897953257
1,0,350,527.99267209201
1,0,350,608.954250835991
1,0,350,481.178003281236
1,0,350,525.148883288912
1,0,350,502.035558348756
1,0,350,526.879752359757
1,0,350,495.346380260129
1,0,350,521.504133388177
1,0,350,541.876692981725
1,0,350,624.262870076733
1,0,350,522.642593808002
1,0,350,563.750424507999
1,0,350,479.363459637345
1,0,350,631.063801814176
1,0,350,615.178982836647
1,1,350,-999
1,0,350,576.630715585366
1,0,350,713.449498773843
1,0,350,506.892619554477
1,0,350,484.093213909578
1,1,350,-999
1,0,350,504.519093817807
1,0,350,509.702715193647
1,0,350,478.148435731744
1,0,350,473.291550227514
1,0,350,501.792781020216
1,1,350,-999
1,1,350,-999
1,0,350,507.491873627449
1,0,350,539.443971104299
1,1,350,-999
1,0,350,536.659979903899
1,1,350,-999
1,0,350,504.75966173712
1,0,350,549.207577866403
1,0,350,459.699001876521
1,1,350,-999
1,0,350,519.399408805168
1,0,350,496.547192725074
1,0,350,563.031395430316
1,0,350,527.75634510335
1,0,350,478.242529899623
1,1,350,-999
1,0,350,468.292852008303
1,1,350,-999
1,0,350,550.488946910163
1,1,350,-999
1,0,350,588.249293000488
1,0,350,490.111667635466
1,0,350,492.663524889503
1,0,350,518.298764030009
1,0,350,529.585521908294
1,0,350,435.416306098234
1,0,350,543.904374722921
1,0,350,534.001107905073
1,1,350,-999
1,0,350,536.480261061677
1,0,350,504.290595719125
1,0,350,526.906658209488
1,0,350,541.502959646182
1,0,350,523.502628447884
1,0,350,552.161861286285
1,0,350,500.170047377658
1,0,350,512.974712120561
1,0,350,543.643096387016
1,1,350,-999
1,0,350,459.190154934985
1,0,350,513.575461640916
1,0,350,464.063455869242
1,0,350,509.736114627096
1,0,350,480.960366887448
1,0,350,516.539293039069
1,1,350,-999
1,0,350,527.286994168315
1,0,400,489.245401845794
1,1,400,-999
1,0,400,509.904978238608
1,0,400,483.594701809775
1,0,400,528.212402941687
1,0,400,518.531868608952
1,1,400,-999
1,0,400,520.893799884493
1,0,400,564.784796169886
1,0,400,547.789405487732
1,1,400,-999
1,0,400,494.251989219291
1,0,400,498.387857034989
1,0,400,548.276761452871
1,0,400,602.559883559217
1,0,400,535.749442699966
1,0,400,552.155126245389
1,0,400,493.461703549949
1,0,400,594.935302353804
1,0,400,529.53593703439
1,1,400,-999
1,0,400,728.489608105283
1,0,400,495.39482287337
1,0,400,518.276116960145
1,1,400,-999
1,0,400,561.737296230771
1,0,400,503.392185095277
1,1,400,-999
1,0,400,516.047079468676
1,0,400,514.247937298696
1,0,400,556.122211779276
1,0,400,493.751118074661
1,0,400,474.394715062786
1,0,400,543.136995449373
1,0,400,506.43534647717
1,0,400,537.494838397948
1,0,400,542.016113858446
1,0,400,548.735039864375
1,0,400,586.220954809239
1,0,400,592.011893942061
1,0,400,436.666334584721
1,0,400,641.907665347767
1,0,400,478.70385783105
1,0,400,603.771648155863
1,0,400,549.249858558234
1,0,400,533.071164294865
1,1,400,-999
1,0,400,486.600982846824
1,0,400,636.069305401393
1,0,400,596.826882378436
1,0,400,479.928650200272
1,0,400,511.949799047846
1,0,400,528.845550213158
1,0,400,465.690811805437
1,0,400,493.132861545188
1,0,400,523.775419025759
1,1,400,-999
1,0,400,487.724908751747
1,0,400,616.52021533252
1,0,400,570.839530525712
1,0,400,593.44863066778
1,0,400,491.245368223023
1,0,400,644.184715673484
1,0,400,594.629547903645
1,0,400,619.742775756403
1,0,400,536.462117064021
1,0,400,549.645658533309
1,0,400,586.792370750101
1,1,400,-999
1,0,400,511.194418178614
1,0,400,489.597136996713
1,0,400,493.615956544346
1,0,400,479.034683163935
1,0,400,601.578485069624
1,1,400,-999
1,0,400,533.282319963938
1,1,400,-999
1,0,400,636.745389749363
1,0,400,498.696118560851
1,0,400,526.404328776418
1,0,400,491.461507406123
1,1,400,-999
1,1,400,-999
1,0,400,556.946187116421
1,0,400,527.735420635174
1,0,400,611.433758020532
1,0,400,553.427467490193
1,0,400,501.738195589526
1,0,400,576.705854322241
1,0,400,492.943319866032
1,0,400,670.740793025234
1,0,400,513.762144373646
1,0,400,504.91069928922
1,0,400,590.476102812428
1,0,400,545.202312770818
1,1,400,-999
1,0,400,515.183845337195
1,0,400,523.097669762694
1,1,400,-999
1,0,400,520.051612592263
